--------------------------------------------------------
--  File created - niedziela-grudnia-13-2015   
--------------------------------------------------------
DROP TABLE "CAR_RENTAL"."BODIES" cascade constraints;
DROP TABLE "CAR_RENTAL"."BOOKING" cascade constraints;
DROP TABLE "CAR_RENTAL"."CARS" cascade constraints;
DROP TABLE "CAR_RENTAL"."COLORS" cascade constraints;
DROP TABLE "CAR_RENTAL"."LOCATIONS" cascade constraints;
DROP TABLE "CAR_RENTAL"."MANUFACTURERS" cascade constraints;
DROP TABLE "CAR_RENTAL"."MODELS" cascade constraints;
DROP TABLE "CAR_RENTAL"."RENTERS" cascade constraints;
DROP TABLE "CAR_RENTAL"."TRANSMISSIONS" cascade constraints;
DROP TABLE "CAR_RENTAL"."WHEELS" cascade constraints;
DROP SYNONYM "CAR_RENTAL"."BOOKING_WAWA";
DROP SYNONYM "CAR_RENTAL"."CARS_WAWA";
DROP SYNONYM "CAR_RENTAL"."RENTERS_WAWA";
DROP DATABASE LINK "CAR_RENTAL"."PLUG_CARS_DB_WAWA";
DROP SEQUENCE "CAR_RENTAL"."BODIES_SEQ";
DROP SEQUENCE "CAR_RENTAL"."BOOKING_SEQ";
DROP SEQUENCE "CAR_RENTAL"."CARS_SEQ";
DROP SEQUENCE "CAR_RENTAL"."COLORS_SEQ";
DROP SEQUENCE "CAR_RENTAL"."LOCATIONS_SEQ";
DROP SEQUENCE "CAR_RENTAL"."MANUFACTURERS_SEQ";
DROP SEQUENCE "CAR_RENTAL"."MODELS_SEQ";
DROP SEQUENCE "CAR_RENTAL"."RENTERS_SEQ";
DROP SEQUENCE "CAR_RENTAL"."TRANSMISSIONS_SEQ";
DROP SEQUENCE "CAR_RENTAL"."WHEELS_SEQ";
DROP VIEW "CAR_RENTAL"."ALLCARS";
--------------------------------------------------------
--  DDL for DB Link PLUG_CARS_DB_WAWA
--------------------------------------------------------

  CREATE DATABASE LINK "PLUG_CARS_DB_WAWA"
   USING 'plug_cars_db_wawa';
--------------------------------------------------------
--  DDL for Sequence BODIES_SEQ
--------------------------------------------------------

   CREATE SEQUENCE  "CAR_RENTAL"."BODIES_SEQ"  MINVALUE 1 MAXVALUE 9999999999999999999999999999 INCREMENT BY 1 START WITH 7 CACHE 20 NOORDER  NOCYCLE  NOPARTITION ;
--------------------------------------------------------
--  DDL for Sequence BOOKING_SEQ
--------------------------------------------------------

   CREATE SEQUENCE  "CAR_RENTAL"."BOOKING_SEQ"  MINVALUE 1 MAXVALUE 9999999999999999999999999999 INCREMENT BY 1 START WITH 21 CACHE 20 NOORDER  NOCYCLE  NOPARTITION ;
--------------------------------------------------------
--  DDL for Sequence CARS_SEQ
--------------------------------------------------------

   CREATE SEQUENCE  "CAR_RENTAL"."CARS_SEQ"  MINVALUE 1 MAXVALUE 9999999999999999999999999999 INCREMENT BY 1 START WITH 102 CACHE 20 NOORDER  NOCYCLE  NOPARTITION ;
--------------------------------------------------------
--  DDL for Sequence COLORS_SEQ
--------------------------------------------------------

   CREATE SEQUENCE  "CAR_RENTAL"."COLORS_SEQ"  MINVALUE 1 MAXVALUE 9999999999999999999999999999 INCREMENT BY 1 START WITH 9 CACHE 20 NOORDER  NOCYCLE  NOPARTITION ;
--------------------------------------------------------
--  DDL for Sequence LOCATIONS_SEQ
--------------------------------------------------------

   CREATE SEQUENCE  "CAR_RENTAL"."LOCATIONS_SEQ"  MINVALUE 1 MAXVALUE 9999999999999999999999999999 INCREMENT BY 1 START WITH 3 CACHE 20 NOORDER  NOCYCLE  NOPARTITION ;
--------------------------------------------------------
--  DDL for Sequence MANUFACTURERS_SEQ
--------------------------------------------------------

   CREATE SEQUENCE  "CAR_RENTAL"."MANUFACTURERS_SEQ"  MINVALUE 1 MAXVALUE 9999999999999999999999999999 INCREMENT BY 1 START WITH 20 CACHE 20 NOORDER  NOCYCLE  NOPARTITION ;
--------------------------------------------------------
--  DDL for Sequence MODELS_SEQ
--------------------------------------------------------

   CREATE SEQUENCE  "CAR_RENTAL"."MODELS_SEQ"  MINVALUE 1 MAXVALUE 9999999999999999999999999999 INCREMENT BY 1 START WITH 36 CACHE 20 NOORDER  NOCYCLE  NOPARTITION ;
--------------------------------------------------------
--  DDL for Sequence RENTERS_SEQ
--------------------------------------------------------

   CREATE SEQUENCE  "CAR_RENTAL"."RENTERS_SEQ"  MINVALUE 1 MAXVALUE 9999999999999999999999999999 INCREMENT BY 1 START WITH 21 CACHE 20 NOORDER  NOCYCLE  NOPARTITION ;
--------------------------------------------------------
--  DDL for Sequence TRANSMISSIONS_SEQ
--------------------------------------------------------

   CREATE SEQUENCE  "CAR_RENTAL"."TRANSMISSIONS_SEQ"  MINVALUE 1 MAXVALUE 9999999999999999999999999999 INCREMENT BY 1 START WITH 3 CACHE 20 NOORDER  NOCYCLE  NOPARTITION ;
--------------------------------------------------------
--  DDL for Sequence WHEELS_SEQ
--------------------------------------------------------

   CREATE SEQUENCE  "CAR_RENTAL"."WHEELS_SEQ"  MINVALUE 1 MAXVALUE 9999999999999999999999999999 INCREMENT BY 1 START WITH 4 CACHE 20 NOORDER  NOCYCLE  NOPARTITION ;
--------------------------------------------------------
--  DDL for Table BODIES
--------------------------------------------------------

  CREATE TABLE "CAR_RENTAL"."BODIES" 
   (	"ID" NUMBER(19,2), 
	"TYPE" VARCHAR2(20 CHAR)
   ) SEGMENT CREATION IMMEDIATE 
  PCTFREE 10 PCTUSED 40 INITRANS 1 MAXTRANS 255 
 NOCOMPRESS LOGGING
  STORAGE(INITIAL 65536 NEXT 1048576 MINEXTENTS 1 MAXEXTENTS 2147483645
  PCTINCREASE 0 FREELISTS 1 FREELIST GROUPS 1
  BUFFER_POOL DEFAULT FLASH_CACHE DEFAULT CELL_FLASH_CACHE DEFAULT)
  TABLESPACE "USERS" ;
--------------------------------------------------------
--  DDL for Table BOOKING
--------------------------------------------------------

  CREATE TABLE "CAR_RENTAL"."BOOKING" 
   (	"ID" NUMBER(19,2), 
	"PRICE" FLOAT(126), 
	"SINCE" DATE, 
	"UNTIL" DATE, 
	"CAR" NUMBER(19,2), 
	"RENTER" NUMBER(19,2)
   ) SEGMENT CREATION IMMEDIATE 
  PCTFREE 10 PCTUSED 40 INITRANS 1 MAXTRANS 255 
 NOCOMPRESS LOGGING
  STORAGE(INITIAL 65536 NEXT 1048576 MINEXTENTS 1 MAXEXTENTS 2147483645
  PCTINCREASE 0 FREELISTS 1 FREELIST GROUPS 1
  BUFFER_POOL DEFAULT FLASH_CACHE DEFAULT CELL_FLASH_CACHE DEFAULT)
  TABLESPACE "USERS" ;
--------------------------------------------------------
--  DDL for Table CARS
--------------------------------------------------------

  CREATE TABLE "CAR_RENTAL"."CARS" 
   (	"ID" NUMBER(19,2), 
	"POWER" NUMBER(5,0), 
	"WEIGHT" NUMBER(5,0), 
	"BODY" NUMBER(19,2), 
	"COLOR" NUMBER(19,2), 
	"WHEELS" NUMBER(19,2), 
	"LOCATION" NUMBER(19,2), 
	"MODEL" NUMBER(19,2), 
	"TRANSMISSION" NUMBER(19,2)
   ) SEGMENT CREATION IMMEDIATE 
  PCTFREE 10 PCTUSED 40 INITRANS 1 MAXTRANS 255 
 NOCOMPRESS LOGGING
  STORAGE(INITIAL 65536 NEXT 1048576 MINEXTENTS 1 MAXEXTENTS 2147483645
  PCTINCREASE 0 FREELISTS 1 FREELIST GROUPS 1
  BUFFER_POOL DEFAULT FLASH_CACHE DEFAULT CELL_FLASH_CACHE DEFAULT)
  TABLESPACE "USERS" ;
--------------------------------------------------------
--  DDL for Table COLORS
--------------------------------------------------------

  CREATE TABLE "CAR_RENTAL"."COLORS" 
   (	"ID" NUMBER(19,2), 
	"TYPE" VARCHAR2(20 CHAR)
   ) SEGMENT CREATION IMMEDIATE 
  PCTFREE 10 PCTUSED 40 INITRANS 1 MAXTRANS 255 
 NOCOMPRESS LOGGING
  STORAGE(INITIAL 65536 NEXT 1048576 MINEXTENTS 1 MAXEXTENTS 2147483645
  PCTINCREASE 0 FREELISTS 1 FREELIST GROUPS 1
  BUFFER_POOL DEFAULT FLASH_CACHE DEFAULT CELL_FLASH_CACHE DEFAULT)
  TABLESPACE "USERS" ;
--------------------------------------------------------
--  DDL for Table LOCATIONS
--------------------------------------------------------

  CREATE TABLE "CAR_RENTAL"."LOCATIONS" 
   (	"ID" NUMBER(19,2), 
	"CITY" VARCHAR2(40 CHAR)
   ) SEGMENT CREATION IMMEDIATE 
  PCTFREE 10 PCTUSED 40 INITRANS 1 MAXTRANS 255 
 NOCOMPRESS LOGGING
  STORAGE(INITIAL 65536 NEXT 1048576 MINEXTENTS 1 MAXEXTENTS 2147483645
  PCTINCREASE 0 FREELISTS 1 FREELIST GROUPS 1
  BUFFER_POOL DEFAULT FLASH_CACHE DEFAULT CELL_FLASH_CACHE DEFAULT)
  TABLESPACE "USERS" ;
--------------------------------------------------------
--  DDL for Table MANUFACTURERS
--------------------------------------------------------

  CREATE TABLE "CAR_RENTAL"."MANUFACTURERS" 
   (	"ID" NUMBER(19,2), 
	"NAME" VARCHAR2(40 CHAR)
   ) SEGMENT CREATION IMMEDIATE 
  PCTFREE 10 PCTUSED 40 INITRANS 1 MAXTRANS 255 
 NOCOMPRESS LOGGING
  STORAGE(INITIAL 65536 NEXT 1048576 MINEXTENTS 1 MAXEXTENTS 2147483645
  PCTINCREASE 0 FREELISTS 1 FREELIST GROUPS 1
  BUFFER_POOL DEFAULT FLASH_CACHE DEFAULT CELL_FLASH_CACHE DEFAULT)
  TABLESPACE "USERS" ;
--------------------------------------------------------
--  DDL for Table MODELS
--------------------------------------------------------

  CREATE TABLE "CAR_RENTAL"."MODELS" 
   (	"ID" NUMBER(19,2), 
	"NAME" VARCHAR2(40 CHAR), 
	"YEAR" NUMBER(5,0), 
	"MANUFACTURER" NUMBER(19,2)
   ) SEGMENT CREATION IMMEDIATE 
  PCTFREE 10 PCTUSED 40 INITRANS 1 MAXTRANS 255 
 NOCOMPRESS LOGGING
  STORAGE(INITIAL 65536 NEXT 1048576 MINEXTENTS 1 MAXEXTENTS 2147483645
  PCTINCREASE 0 FREELISTS 1 FREELIST GROUPS 1
  BUFFER_POOL DEFAULT FLASH_CACHE DEFAULT CELL_FLASH_CACHE DEFAULT)
  TABLESPACE "USERS" ;
--------------------------------------------------------
--  DDL for Table RENTERS
--------------------------------------------------------

  CREATE TABLE "CAR_RENTAL"."RENTERS" 
   (	"ID" NUMBER(19,2), 
	"EMAIL" VARCHAR2(320 CHAR), 
	"NAME" VARCHAR2(40 CHAR), 
	"PHONE" VARCHAR2(9 CHAR), 
	"SURNAME" VARCHAR2(40 CHAR)
   ) SEGMENT CREATION IMMEDIATE 
  PCTFREE 10 PCTUSED 40 INITRANS 1 MAXTRANS 255 
 NOCOMPRESS LOGGING
  STORAGE(INITIAL 65536 NEXT 1048576 MINEXTENTS 1 MAXEXTENTS 2147483645
  PCTINCREASE 0 FREELISTS 1 FREELIST GROUPS 1
  BUFFER_POOL DEFAULT FLASH_CACHE DEFAULT CELL_FLASH_CACHE DEFAULT)
  TABLESPACE "USERS" ;
--------------------------------------------------------
--  DDL for Table TRANSMISSIONS
--------------------------------------------------------

  CREATE TABLE "CAR_RENTAL"."TRANSMISSIONS" 
   (	"ID" NUMBER(19,2), 
	"TYPE" VARCHAR2(20 CHAR)
   ) SEGMENT CREATION IMMEDIATE 
  PCTFREE 10 PCTUSED 40 INITRANS 1 MAXTRANS 255 
 NOCOMPRESS LOGGING
  STORAGE(INITIAL 65536 NEXT 1048576 MINEXTENTS 1 MAXEXTENTS 2147483645
  PCTINCREASE 0 FREELISTS 1 FREELIST GROUPS 1
  BUFFER_POOL DEFAULT FLASH_CACHE DEFAULT CELL_FLASH_CACHE DEFAULT)
  TABLESPACE "USERS" ;
--------------------------------------------------------
--  DDL for Table WHEELS
--------------------------------------------------------

  CREATE TABLE "CAR_RENTAL"."WHEELS" 
   (	"ID" NUMBER(19,2), 
	"TYPE" VARCHAR2(20 CHAR)
   ) SEGMENT CREATION IMMEDIATE 
  PCTFREE 10 PCTUSED 40 INITRANS 1 MAXTRANS 255 
 NOCOMPRESS LOGGING
  STORAGE(INITIAL 65536 NEXT 1048576 MINEXTENTS 1 MAXEXTENTS 2147483645
  PCTINCREASE 0 FREELISTS 1 FREELIST GROUPS 1
  BUFFER_POOL DEFAULT FLASH_CACHE DEFAULT CELL_FLASH_CACHE DEFAULT)
  TABLESPACE "USERS" ;
--------------------------------------------------------
--  DDL for View ALLCARS
--------------------------------------------------------

  CREATE OR REPLACE FORCE EDITIONABLE VIEW "CAR_RENTAL"."ALLCARS" ("ID", "POWER", "WEIGHT", "BODY", "COLOR", "WHEELS", "LOCATION", "MODEL", "TRANSMISSION") AS 
  SELECT "ID","POWER","WEIGHT","BODY","COLOR","WHEELS","LOCATION","MODEL","TRANSMISSION" FROM ( SELECT * FROM CARS UNION ALL SELECT * FROM CARS_WAWA ) allcars ORDER BY ID;
REM INSERTING into CAR_RENTAL.BODIES
SET DEFINE OFF;
Insert into CAR_RENTAL.BODIES (ID,TYPE) values ('1','SEDAN');
Insert into CAR_RENTAL.BODIES (ID,TYPE) values ('2','HATCHBACK');
Insert into CAR_RENTAL.BODIES (ID,TYPE) values ('3','MPV');
Insert into CAR_RENTAL.BODIES (ID,TYPE) values ('4','SUV');
Insert into CAR_RENTAL.BODIES (ID,TYPE) values ('5','COUPE');
Insert into CAR_RENTAL.BODIES (ID,TYPE) values ('6','COMBI');
REM INSERTING into CAR_RENTAL.BOOKING
SET DEFINE OFF;
Insert into CAR_RENTAL.BOOKING (ID,PRICE,SINCE,UNTIL,CAR,RENTER) values ('1','700',to_date('15/12/01','RR/MM/DD'),to_date('15/12/08','RR/MM/DD'),'6','1');
REM INSERTING into CAR_RENTAL.CARS
SET DEFINE OFF;
Insert into CAR_RENTAL.CARS (ID,POWER,WEIGHT,BODY,COLOR,WHEELS,LOCATION,MODEL,TRANSMISSION) values ('4','125','1200','1','3','1','2','2','1');
Insert into CAR_RENTAL.CARS (ID,POWER,WEIGHT,BODY,COLOR,WHEELS,LOCATION,MODEL,TRANSMISSION) values ('8','225','1610','5','1','1','2','3','2');
Insert into CAR_RENTAL.CARS (ID,POWER,WEIGHT,BODY,COLOR,WHEELS,LOCATION,MODEL,TRANSMISSION) values ('3','180','1100','2','7','1','2','1','1');
Insert into CAR_RENTAL.CARS (ID,POWER,WEIGHT,BODY,COLOR,WHEELS,LOCATION,MODEL,TRANSMISSION) values ('6','193','1540','6','5','1','2','2','2');
Insert into CAR_RENTAL.CARS (ID,POWER,WEIGHT,BODY,COLOR,WHEELS,LOCATION,MODEL,TRANSMISSION) values ('10','200','1650','4','2','3','2','4','1');
Insert into CAR_RENTAL.CARS (ID,POWER,WEIGHT,BODY,COLOR,WHEELS,LOCATION,MODEL,TRANSMISSION) values ('16','193','1520','1','5','2','2','6','2');
Insert into CAR_RENTAL.CARS (ID,POWER,WEIGHT,BODY,COLOR,WHEELS,LOCATION,MODEL,TRANSMISSION) values ('11','200','1650','4','1','3','2','4','1');
Insert into CAR_RENTAL.CARS (ID,POWER,WEIGHT,BODY,COLOR,WHEELS,LOCATION,MODEL,TRANSMISSION) values ('13','170','1230','2','8','2','2','5','1');
Insert into CAR_RENTAL.CARS (ID,POWER,WEIGHT,BODY,COLOR,WHEELS,LOCATION,MODEL,TRANSMISSION) values ('18','143','1360','2','1','2','2','6','1');
Insert into CAR_RENTAL.CARS (ID,POWER,WEIGHT,BODY,COLOR,WHEELS,LOCATION,MODEL,TRANSMISSION) values ('32','60','1100','2','4','1','2','8','2');
Insert into CAR_RENTAL.CARS (ID,POWER,WEIGHT,BODY,COLOR,WHEELS,LOCATION,MODEL,TRANSMISSION) values ('19','143','1360','2','4','2','2','6','2');
Insert into CAR_RENTAL.CARS (ID,POWER,WEIGHT,BODY,COLOR,WHEELS,LOCATION,MODEL,TRANSMISSION) values ('21','360','1440','5','1','2','2','6','2');
Insert into CAR_RENTAL.CARS (ID,POWER,WEIGHT,BODY,COLOR,WHEELS,LOCATION,MODEL,TRANSMISSION) values ('23','200','1790','6','2','2','2','6','1');
Insert into CAR_RENTAL.CARS (ID,POWER,WEIGHT,BODY,COLOR,WHEELS,LOCATION,MODEL,TRANSMISSION) values ('25','355','2125','4','1','3','2','7','1');
Insert into CAR_RENTAL.CARS (ID,POWER,WEIGHT,BODY,COLOR,WHEELS,LOCATION,MODEL,TRANSMISSION) values ('31','60','1100','2','5','1','2','8','2');
Insert into CAR_RENTAL.CARS (ID,POWER,WEIGHT,BODY,COLOR,WHEELS,LOCATION,MODEL,TRANSMISSION) values ('33','60','1100','2','6','1','2','8','2');
Insert into CAR_RENTAL.CARS (ID,POWER,WEIGHT,BODY,COLOR,WHEELS,LOCATION,MODEL,TRANSMISSION) values ('34','90','1150','2','2','1','2','8','2');
Insert into CAR_RENTAL.CARS (ID,POWER,WEIGHT,BODY,COLOR,WHEELS,LOCATION,MODEL,TRANSMISSION) values ('35','90','1150','2','8','1','2','8','2');
Insert into CAR_RENTAL.CARS (ID,POWER,WEIGHT,BODY,COLOR,WHEELS,LOCATION,MODEL,TRANSMISSION) values ('38','140','1310','6','2','1','2','9','2');
Insert into CAR_RENTAL.CARS (ID,POWER,WEIGHT,BODY,COLOR,WHEELS,LOCATION,MODEL,TRANSMISSION) values ('44','140','1527','3','4','1','2','12','2');
Insert into CAR_RENTAL.CARS (ID,POWER,WEIGHT,BODY,COLOR,WHEELS,LOCATION,MODEL,TRANSMISSION) values ('39','140','1310','6','2','1','2','9','2');
Insert into CAR_RENTAL.CARS (ID,POWER,WEIGHT,BODY,COLOR,WHEELS,LOCATION,MODEL,TRANSMISSION) values ('41','54','650','2','5','1','2','10','2');
Insert into CAR_RENTAL.CARS (ID,POWER,WEIGHT,BODY,COLOR,WHEELS,LOCATION,MODEL,TRANSMISSION) values ('43','103','1400','3','2','1','2','11','2');
Insert into CAR_RENTAL.CARS (ID,POWER,WEIGHT,BODY,COLOR,WHEELS,LOCATION,MODEL,TRANSMISSION) values ('45','140','1527','3','6','1','2','12','2');
Insert into CAR_RENTAL.CARS (ID,POWER,WEIGHT,BODY,COLOR,WHEELS,LOCATION,MODEL,TRANSMISSION) values ('48','182','1300','1','1','1','2','13','2');
Insert into CAR_RENTAL.CARS (ID,POWER,WEIGHT,BODY,COLOR,WHEELS,LOCATION,MODEL,TRANSMISSION) values ('52','140','1200','2','1','1','2','14','2');
Insert into CAR_RENTAL.CARS (ID,POWER,WEIGHT,BODY,COLOR,WHEELS,LOCATION,MODEL,TRANSMISSION) values ('49','182','1300','1','2','1','2','13','2');
Insert into CAR_RENTAL.CARS (ID,POWER,WEIGHT,BODY,COLOR,WHEELS,LOCATION,MODEL,TRANSMISSION) values ('54','135','1428','6','5','1','2','15','2');
Insert into CAR_RENTAL.CARS (ID,POWER,WEIGHT,BODY,COLOR,WHEELS,LOCATION,MODEL,TRANSMISSION) values ('53','140','1200','2','3','1','2','14','2');
Insert into CAR_RENTAL.CARS (ID,POWER,WEIGHT,BODY,COLOR,WHEELS,LOCATION,MODEL,TRANSMISSION) values ('60','560','1645','5','1','2','2','18','1');
Insert into CAR_RENTAL.CARS (ID,POWER,WEIGHT,BODY,COLOR,WHEELS,LOCATION,MODEL,TRANSMISSION) values ('62','292','1810','6','1','2','2','18','1');
Insert into CAR_RENTAL.CARS (ID,POWER,WEIGHT,BODY,COLOR,WHEELS,LOCATION,MODEL,TRANSMISSION) values ('57','175','1345','1','3','1','2','16','1');
Insert into CAR_RENTAL.CARS (ID,POWER,WEIGHT,BODY,COLOR,WHEELS,LOCATION,MODEL,TRANSMISSION) values ('64','388','1820','5','2','2','2','19','1');
Insert into CAR_RENTAL.CARS (ID,POWER,WEIGHT,BODY,COLOR,WHEELS,LOCATION,MODEL,TRANSMISSION) values ('66','95','1100','2','1','1','2','20','2');
Insert into CAR_RENTAL.CARS (ID,POWER,WEIGHT,BODY,COLOR,WHEELS,LOCATION,MODEL,TRANSMISSION) values ('68','205','1410','2','6','1','2','21','2');
Insert into CAR_RENTAL.CARS (ID,POWER,WEIGHT,BODY,COLOR,WHEELS,LOCATION,MODEL,TRANSMISSION) values ('67','95','1100','2','5','1','2','20','2');
Insert into CAR_RENTAL.CARS (ID,POWER,WEIGHT,BODY,COLOR,WHEELS,LOCATION,MODEL,TRANSMISSION) values ('72','55','775','2','5','1','2','23','2');
Insert into CAR_RENTAL.CARS (ID,POWER,WEIGHT,BODY,COLOR,WHEELS,LOCATION,MODEL,TRANSMISSION) values ('70','190','1456','4','7','3','2','22','1');
Insert into CAR_RENTAL.CARS (ID,POWER,WEIGHT,BODY,COLOR,WHEELS,LOCATION,MODEL,TRANSMISSION) values ('71','55','775','2','3','1','2','23','2');
Insert into CAR_RENTAL.CARS (ID,POWER,WEIGHT,BODY,COLOR,WHEELS,LOCATION,MODEL,TRANSMISSION) values ('73','55','775','2','8','1','2','23','2');
Insert into CAR_RENTAL.CARS (ID,POWER,WEIGHT,BODY,COLOR,WHEELS,LOCATION,MODEL,TRANSMISSION) values ('78','140','1210','1','2','1','2','24','2');
Insert into CAR_RENTAL.CARS (ID,POWER,WEIGHT,BODY,COLOR,WHEELS,LOCATION,MODEL,TRANSMISSION) values ('79','125','1210','6','2','1','2','24','2');
Insert into CAR_RENTAL.CARS (ID,POWER,WEIGHT,BODY,COLOR,WHEELS,LOCATION,MODEL,TRANSMISSION) values ('77','115','1210','2','2','1','2','24','2');
Insert into CAR_RENTAL.CARS (ID,POWER,WEIGHT,BODY,COLOR,WHEELS,LOCATION,MODEL,TRANSMISSION) values ('82','68','1080','2','7','1','2','26','2');
Insert into CAR_RENTAL.CARS (ID,POWER,WEIGHT,BODY,COLOR,WHEELS,LOCATION,MODEL,TRANSMISSION) values ('81','177','1445','6','1','2','2','25','2');
Insert into CAR_RENTAL.CARS (ID,POWER,WEIGHT,BODY,COLOR,WHEELS,LOCATION,MODEL,TRANSMISSION) values ('83','68','1080','2','8','1','2','26','2');
Insert into CAR_RENTAL.CARS (ID,POWER,WEIGHT,BODY,COLOR,WHEELS,LOCATION,MODEL,TRANSMISSION) values ('88','143','1200','1','1','1','2','28','2');
Insert into CAR_RENTAL.CARS (ID,POWER,WEIGHT,BODY,COLOR,WHEELS,LOCATION,MODEL,TRANSMISSION) values ('85','106','1150','3','4','1','2','27','2');
Insert into CAR_RENTAL.CARS (ID,POWER,WEIGHT,BODY,COLOR,WHEELS,LOCATION,MODEL,TRANSMISSION) values ('96','55','850','2','3','1','2','32','2');
Insert into CAR_RENTAL.CARS (ID,POWER,WEIGHT,BODY,COLOR,WHEELS,LOCATION,MODEL,TRANSMISSION) values ('89','143','1200','1','2','1','2','28','2');
Insert into CAR_RENTAL.CARS (ID,POWER,WEIGHT,BODY,COLOR,WHEELS,LOCATION,MODEL,TRANSMISSION) values ('91','150','1230','1','2','1','2','29','2');
Insert into CAR_RENTAL.CARS (ID,POWER,WEIGHT,BODY,COLOR,WHEELS,LOCATION,MODEL,TRANSMISSION) values ('93','65','850','2','7','1','2','30','2');
Insert into CAR_RENTAL.CARS (ID,POWER,WEIGHT,BODY,COLOR,WHEELS,LOCATION,MODEL,TRANSMISSION) values ('95','181','1570','4','2','3','2','31','2');
Insert into CAR_RENTAL.CARS (ID,POWER,WEIGHT,BODY,COLOR,WHEELS,LOCATION,MODEL,TRANSMISSION) values ('100','150','1350','2','1','1','2','34','2');
Insert into CAR_RENTAL.CARS (ID,POWER,WEIGHT,BODY,COLOR,WHEELS,LOCATION,MODEL,TRANSMISSION) values ('98','105','1150','6','5','1','2','33','2');
REM INSERTING into CAR_RENTAL.COLORS
SET DEFINE OFF;
Insert into CAR_RENTAL.COLORS (ID,TYPE) values ('1','BLACK');
Insert into CAR_RENTAL.COLORS (ID,TYPE) values ('2','WHITE');
Insert into CAR_RENTAL.COLORS (ID,TYPE) values ('3','RED');
Insert into CAR_RENTAL.COLORS (ID,TYPE) values ('4','GREEN');
Insert into CAR_RENTAL.COLORS (ID,TYPE) values ('5','BLUE');
Insert into CAR_RENTAL.COLORS (ID,TYPE) values ('6','YELLOW');
Insert into CAR_RENTAL.COLORS (ID,TYPE) values ('7','BROWN');
Insert into CAR_RENTAL.COLORS (ID,TYPE) values ('8','PURPLE');
REM INSERTING into CAR_RENTAL.LOCATIONS
SET DEFINE OFF;
Insert into CAR_RENTAL.LOCATIONS (ID,CITY) values ('1','Warszawa');
Insert into CAR_RENTAL.LOCATIONS (ID,CITY) values ('2','Wrocław');
REM INSERTING into CAR_RENTAL.MANUFACTURERS
SET DEFINE OFF;
Insert into CAR_RENTAL.MANUFACTURERS (ID,NAME) values ('1','Audi');
Insert into CAR_RENTAL.MANUFACTURERS (ID,NAME) values ('2','BMW');
Insert into CAR_RENTAL.MANUFACTURERS (ID,NAME) values ('3','Citroen');
Insert into CAR_RENTAL.MANUFACTURERS (ID,NAME) values ('4','Fiat');
Insert into CAR_RENTAL.MANUFACTURERS (ID,NAME) values ('5','Ford');
Insert into CAR_RENTAL.MANUFACTURERS (ID,NAME) values ('6','Honda');
Insert into CAR_RENTAL.MANUFACTURERS (ID,NAME) values ('7','Hyundai');
Insert into CAR_RENTAL.MANUFACTURERS (ID,NAME) values ('8','Mazda');
Insert into CAR_RENTAL.MANUFACTURERS (ID,NAME) values ('9','Mercedes-Benz');
Insert into CAR_RENTAL.MANUFACTURERS (ID,NAME) values ('10','Mitsubishi');
Insert into CAR_RENTAL.MANUFACTURERS (ID,NAME) values ('11','Nissan');
Insert into CAR_RENTAL.MANUFACTURERS (ID,NAME) values ('12','Opel');
Insert into CAR_RENTAL.MANUFACTURERS (ID,NAME) values ('13','Peugeot');
Insert into CAR_RENTAL.MANUFACTURERS (ID,NAME) values ('14','Renault');
Insert into CAR_RENTAL.MANUFACTURERS (ID,NAME) values ('15','Seat');
Insert into CAR_RENTAL.MANUFACTURERS (ID,NAME) values ('16','Skoda');
Insert into CAR_RENTAL.MANUFACTURERS (ID,NAME) values ('17','Toyota');
Insert into CAR_RENTAL.MANUFACTURERS (ID,NAME) values ('18','Volkswagen');
Insert into CAR_RENTAL.MANUFACTURERS (ID,NAME) values ('19','Volvo');
REM INSERTING into CAR_RENTAL.MODELS
SET DEFINE OFF;
Insert into CAR_RENTAL.MODELS (ID,NAME,YEAR,MANUFACTURER) values ('1','A3','2000','1');
Insert into CAR_RENTAL.MODELS (ID,NAME,YEAR,MANUFACTURER) values ('2','A4','1998','1');
Insert into CAR_RENTAL.MODELS (ID,NAME,YEAR,MANUFACTURER) values ('3','A5','2007','1');
Insert into CAR_RENTAL.MODELS (ID,NAME,YEAR,MANUFACTURER) values ('4','Q3','2012','1');
Insert into CAR_RENTAL.MODELS (ID,NAME,YEAR,MANUFACTURER) values ('5','i3','2014','2');
Insert into CAR_RENTAL.MODELS (ID,NAME,YEAR,MANUFACTURER) values ('6','E46','2000','2');
Insert into CAR_RENTAL.MODELS (ID,NAME,YEAR,MANUFACTURER) values ('7','E70','2010','2');
Insert into CAR_RENTAL.MODELS (ID,NAME,YEAR,MANUFACTURER) values ('8','C3','2004','3');
Insert into CAR_RENTAL.MODELS (ID,NAME,YEAR,MANUFACTURER) values ('9','C5','2004','3');
Insert into CAR_RENTAL.MODELS (ID,NAME,YEAR,MANUFACTURER) values ('10','Panda','2003','4');
Insert into CAR_RENTAL.MODELS (ID,NAME,YEAR,MANUFACTURER) values ('11','Doblo','2002','4');
Insert into CAR_RENTAL.MODELS (ID,NAME,YEAR,MANUFACTURER) values ('12','C-MAX','2005','5');
Insert into CAR_RENTAL.MODELS (ID,NAME,YEAR,MANUFACTURER) values ('13','Fiesta','2008','5');
Insert into CAR_RENTAL.MODELS (ID,NAME,YEAR,MANUFACTURER) values ('14','Civic','2007','6');
Insert into CAR_RENTAL.MODELS (ID,NAME,YEAR,MANUFACTURER) values ('15','i40','2015','7');
Insert into CAR_RENTAL.MODELS (ID,NAME,YEAR,MANUFACTURER) values ('16','6','2006','8');
Insert into CAR_RENTAL.MODELS (ID,NAME,YEAR,MANUFACTURER) values ('17','CX-5','2006','8');
Insert into CAR_RENTAL.MODELS (ID,NAME,YEAR,MANUFACTURER) values ('18','W212','2010','9');
Insert into CAR_RENTAL.MODELS (ID,NAME,YEAR,MANUFACTURER) values ('19','W209 (CLK-500)','2007','9');
Insert into CAR_RENTAL.MODELS (ID,NAME,YEAR,MANUFACTURER) values ('20','Colt','2009','10');
Insert into CAR_RENTAL.MODELS (ID,NAME,YEAR,MANUFACTURER) values ('21','Eclipse','1999','10');
Insert into CAR_RENTAL.MODELS (ID,NAME,YEAR,MANUFACTURER) values ('22','Juke','2011','11');
Insert into CAR_RENTAL.MODELS (ID,NAME,YEAR,MANUFACTURER) values ('23','Micra','1991','11');
Insert into CAR_RENTAL.MODELS (ID,NAME,YEAR,MANUFACTURER) values ('24','Astra','2006','12');
Insert into CAR_RENTAL.MODELS (ID,NAME,YEAR,MANUFACTURER) values ('25','Omega','2005','12');
Insert into CAR_RENTAL.MODELS (ID,NAME,YEAR,MANUFACTURER) values ('26','Clio','2005','14');
Insert into CAR_RENTAL.MODELS (ID,NAME,YEAR,MANUFACTURER) values ('27','Kangoo','2008','14');
Insert into CAR_RENTAL.MODELS (ID,NAME,YEAR,MANUFACTURER) values ('28','Octavia','2005','16');
Insert into CAR_RENTAL.MODELS (ID,NAME,YEAR,MANUFACTURER) values ('29','Rapid','2012','16');
Insert into CAR_RENTAL.MODELS (ID,NAME,YEAR,MANUFACTURER) values ('30','Yaris','2004','17');
Insert into CAR_RENTAL.MODELS (ID,NAME,YEAR,MANUFACTURER) values ('31','RAV4','2005','17');
Insert into CAR_RENTAL.MODELS (ID,NAME,YEAR,MANUFACTURER) values ('32','Polo','1999','18');
Insert into CAR_RENTAL.MODELS (ID,NAME,YEAR,MANUFACTURER) values ('33','Passat','2004','18');
Insert into CAR_RENTAL.MODELS (ID,NAME,YEAR,MANUFACTURER) values ('34','V40','2012','19');
Insert into CAR_RENTAL.MODELS (ID,NAME,YEAR,MANUFACTURER) values ('35','XC70','2007','19');
REM INSERTING into CAR_RENTAL.RENTERS
SET DEFINE OFF;
Insert into CAR_RENTAL.RENTERS (ID,EMAIL,NAME,PHONE,SURNAME) values ('1','kn@email.domain','K','123456789','N');
REM INSERTING into CAR_RENTAL.TRANSMISSIONS
SET DEFINE OFF;
Insert into CAR_RENTAL.TRANSMISSIONS (ID,TYPE) values ('1','AUTO');
Insert into CAR_RENTAL.TRANSMISSIONS (ID,TYPE) values ('2','MANUAL');
REM INSERTING into CAR_RENTAL.WHEELS
SET DEFINE OFF;
Insert into CAR_RENTAL.WHEELS (ID,TYPE) values ('1','FRONT');
Insert into CAR_RENTAL.WHEELS (ID,TYPE) values ('2','REAR');
Insert into CAR_RENTAL.WHEELS (ID,TYPE) values ('3','_4x4');
REM INSERTING into CAR_RENTAL.ALLCARS
SET DEFINE OFF;
Insert into CAR_RENTAL.ALLCARS (ID,POWER,WEIGHT,BODY,COLOR,WHEELS,LOCATION,MODEL,TRANSMISSION) values ('1','101','1100','2','1','1','1','1','1');
Insert into CAR_RENTAL.ALLCARS (ID,POWER,WEIGHT,BODY,COLOR,WHEELS,LOCATION,MODEL,TRANSMISSION) values ('2','150','1210','2','4','1','1','1','2');
Insert into CAR_RENTAL.ALLCARS (ID,POWER,WEIGHT,BODY,COLOR,WHEELS,LOCATION,MODEL,TRANSMISSION) values ('3','180','1100','2','7','1','2','1','1');
Insert into CAR_RENTAL.ALLCARS (ID,POWER,WEIGHT,BODY,COLOR,WHEELS,LOCATION,MODEL,TRANSMISSION) values ('4','125','1200','1','3','1','2','2','1');
Insert into CAR_RENTAL.ALLCARS (ID,POWER,WEIGHT,BODY,COLOR,WHEELS,LOCATION,MODEL,TRANSMISSION) values ('5','174','1320','1','2','1','1','2','2');
Insert into CAR_RENTAL.ALLCARS (ID,POWER,WEIGHT,BODY,COLOR,WHEELS,LOCATION,MODEL,TRANSMISSION) values ('6','193','1540','6','5','1','2','2','2');
Insert into CAR_RENTAL.ALLCARS (ID,POWER,WEIGHT,BODY,COLOR,WHEELS,LOCATION,MODEL,TRANSMISSION) values ('7','225','1610','5','1','1','1','3','1');
Insert into CAR_RENTAL.ALLCARS (ID,POWER,WEIGHT,BODY,COLOR,WHEELS,LOCATION,MODEL,TRANSMISSION) values ('8','225','1610','5','1','1','2','3','2');
Insert into CAR_RENTAL.ALLCARS (ID,POWER,WEIGHT,BODY,COLOR,WHEELS,LOCATION,MODEL,TRANSMISSION) values ('9','170','1650','4','2','3','1','4','1');
Insert into CAR_RENTAL.ALLCARS (ID,POWER,WEIGHT,BODY,COLOR,WHEELS,LOCATION,MODEL,TRANSMISSION) values ('10','200','1650','4','2','3','2','4','1');
Insert into CAR_RENTAL.ALLCARS (ID,POWER,WEIGHT,BODY,COLOR,WHEELS,LOCATION,MODEL,TRANSMISSION) values ('11','200','1650','4','1','3','2','4','1');
Insert into CAR_RENTAL.ALLCARS (ID,POWER,WEIGHT,BODY,COLOR,WHEELS,LOCATION,MODEL,TRANSMISSION) values ('12','170','1230','2','6','2','1','5','1');
Insert into CAR_RENTAL.ALLCARS (ID,POWER,WEIGHT,BODY,COLOR,WHEELS,LOCATION,MODEL,TRANSMISSION) values ('13','170','1230','2','8','2','2','5','1');
Insert into CAR_RENTAL.ALLCARS (ID,POWER,WEIGHT,BODY,COLOR,WHEELS,LOCATION,MODEL,TRANSMISSION) values ('14','193','1520','1','1','2','1','6','2');
Insert into CAR_RENTAL.ALLCARS (ID,POWER,WEIGHT,BODY,COLOR,WHEELS,LOCATION,MODEL,TRANSMISSION) values ('15','193','1520','1','3','2','1','6','1');
Insert into CAR_RENTAL.ALLCARS (ID,POWER,WEIGHT,BODY,COLOR,WHEELS,LOCATION,MODEL,TRANSMISSION) values ('16','193','1520','1','5','2','2','6','2');
Insert into CAR_RENTAL.ALLCARS (ID,POWER,WEIGHT,BODY,COLOR,WHEELS,LOCATION,MODEL,TRANSMISSION) values ('17','143','1360','2','2','2','1','6','2');
Insert into CAR_RENTAL.ALLCARS (ID,POWER,WEIGHT,BODY,COLOR,WHEELS,LOCATION,MODEL,TRANSMISSION) values ('18','143','1360','2','1','2','2','6','1');
Insert into CAR_RENTAL.ALLCARS (ID,POWER,WEIGHT,BODY,COLOR,WHEELS,LOCATION,MODEL,TRANSMISSION) values ('19','143','1360','2','4','2','2','6','2');
Insert into CAR_RENTAL.ALLCARS (ID,POWER,WEIGHT,BODY,COLOR,WHEELS,LOCATION,MODEL,TRANSMISSION) values ('20','360','1440','5','1','2','1','6','2');
Insert into CAR_RENTAL.ALLCARS (ID,POWER,WEIGHT,BODY,COLOR,WHEELS,LOCATION,MODEL,TRANSMISSION) values ('21','360','1440','5','1','2','2','6','2');
Insert into CAR_RENTAL.ALLCARS (ID,POWER,WEIGHT,BODY,COLOR,WHEELS,LOCATION,MODEL,TRANSMISSION) values ('22','200','1790','6','1','2','1','6','1');
Insert into CAR_RENTAL.ALLCARS (ID,POWER,WEIGHT,BODY,COLOR,WHEELS,LOCATION,MODEL,TRANSMISSION) values ('23','200','1790','6','2','2','2','6','1');
Insert into CAR_RENTAL.ALLCARS (ID,POWER,WEIGHT,BODY,COLOR,WHEELS,LOCATION,MODEL,TRANSMISSION) values ('24','355','2125','4','1','3','1','7','1');
Insert into CAR_RENTAL.ALLCARS (ID,POWER,WEIGHT,BODY,COLOR,WHEELS,LOCATION,MODEL,TRANSMISSION) values ('25','355','2125','4','1','3','2','7','1');
Insert into CAR_RENTAL.ALLCARS (ID,POWER,WEIGHT,BODY,COLOR,WHEELS,LOCATION,MODEL,TRANSMISSION) values ('26','60','1100','2','5','1','1','8','2');
Insert into CAR_RENTAL.ALLCARS (ID,POWER,WEIGHT,BODY,COLOR,WHEELS,LOCATION,MODEL,TRANSMISSION) values ('27','60','1100','2','4','1','1','8','2');
Insert into CAR_RENTAL.ALLCARS (ID,POWER,WEIGHT,BODY,COLOR,WHEELS,LOCATION,MODEL,TRANSMISSION) values ('28','60','1100','2','7','1','1','8','2');
Insert into CAR_RENTAL.ALLCARS (ID,POWER,WEIGHT,BODY,COLOR,WHEELS,LOCATION,MODEL,TRANSMISSION) values ('29','90','1150','2','1','1','1','8','2');
Insert into CAR_RENTAL.ALLCARS (ID,POWER,WEIGHT,BODY,COLOR,WHEELS,LOCATION,MODEL,TRANSMISSION) values ('30','90','1150','2','2','1','1','8','2');
Insert into CAR_RENTAL.ALLCARS (ID,POWER,WEIGHT,BODY,COLOR,WHEELS,LOCATION,MODEL,TRANSMISSION) values ('31','60','1100','2','5','1','2','8','2');
Insert into CAR_RENTAL.ALLCARS (ID,POWER,WEIGHT,BODY,COLOR,WHEELS,LOCATION,MODEL,TRANSMISSION) values ('32','60','1100','2','4','1','2','8','2');
Insert into CAR_RENTAL.ALLCARS (ID,POWER,WEIGHT,BODY,COLOR,WHEELS,LOCATION,MODEL,TRANSMISSION) values ('33','60','1100','2','6','1','2','8','2');
Insert into CAR_RENTAL.ALLCARS (ID,POWER,WEIGHT,BODY,COLOR,WHEELS,LOCATION,MODEL,TRANSMISSION) values ('34','90','1150','2','2','1','2','8','2');
Insert into CAR_RENTAL.ALLCARS (ID,POWER,WEIGHT,BODY,COLOR,WHEELS,LOCATION,MODEL,TRANSMISSION) values ('35','90','1150','2','8','1','2','8','2');
Insert into CAR_RENTAL.ALLCARS (ID,POWER,WEIGHT,BODY,COLOR,WHEELS,LOCATION,MODEL,TRANSMISSION) values ('36','140','1310','6','2','1','1','9','1');
Insert into CAR_RENTAL.ALLCARS (ID,POWER,WEIGHT,BODY,COLOR,WHEELS,LOCATION,MODEL,TRANSMISSION) values ('37','140','1310','6','2','1','1','9','2');
Insert into CAR_RENTAL.ALLCARS (ID,POWER,WEIGHT,BODY,COLOR,WHEELS,LOCATION,MODEL,TRANSMISSION) values ('38','140','1310','6','2','1','2','9','2');
Insert into CAR_RENTAL.ALLCARS (ID,POWER,WEIGHT,BODY,COLOR,WHEELS,LOCATION,MODEL,TRANSMISSION) values ('39','140','1310','6','2','1','2','9','2');
Insert into CAR_RENTAL.ALLCARS (ID,POWER,WEIGHT,BODY,COLOR,WHEELS,LOCATION,MODEL,TRANSMISSION) values ('40','54','650','2','5','1','1','10','2');
Insert into CAR_RENTAL.ALLCARS (ID,POWER,WEIGHT,BODY,COLOR,WHEELS,LOCATION,MODEL,TRANSMISSION) values ('41','54','650','2','5','1','2','10','2');
Insert into CAR_RENTAL.ALLCARS (ID,POWER,WEIGHT,BODY,COLOR,WHEELS,LOCATION,MODEL,TRANSMISSION) values ('42','103','1400','3','2','1','1','11','2');
Insert into CAR_RENTAL.ALLCARS (ID,POWER,WEIGHT,BODY,COLOR,WHEELS,LOCATION,MODEL,TRANSMISSION) values ('43','103','1400','3','2','1','2','11','2');
Insert into CAR_RENTAL.ALLCARS (ID,POWER,WEIGHT,BODY,COLOR,WHEELS,LOCATION,MODEL,TRANSMISSION) values ('44','140','1527','3','4','1','2','12','2');
Insert into CAR_RENTAL.ALLCARS (ID,POWER,WEIGHT,BODY,COLOR,WHEELS,LOCATION,MODEL,TRANSMISSION) values ('45','140','1527','3','6','1','2','12','2');
Insert into CAR_RENTAL.ALLCARS (ID,POWER,WEIGHT,BODY,COLOR,WHEELS,LOCATION,MODEL,TRANSMISSION) values ('46','100','1100','2','1','1','1','13','2');
Insert into CAR_RENTAL.ALLCARS (ID,POWER,WEIGHT,BODY,COLOR,WHEELS,LOCATION,MODEL,TRANSMISSION) values ('47','100','1100','2','2','1','1','13','2');
Insert into CAR_RENTAL.ALLCARS (ID,POWER,WEIGHT,BODY,COLOR,WHEELS,LOCATION,MODEL,TRANSMISSION) values ('48','182','1300','1','1','1','2','13','2');
Insert into CAR_RENTAL.ALLCARS (ID,POWER,WEIGHT,BODY,COLOR,WHEELS,LOCATION,MODEL,TRANSMISSION) values ('49','182','1300','1','2','1','2','13','2');
Insert into CAR_RENTAL.ALLCARS (ID,POWER,WEIGHT,BODY,COLOR,WHEELS,LOCATION,MODEL,TRANSMISSION) values ('50','197','1350','1','1','1','1','14','1');
Insert into CAR_RENTAL.ALLCARS (ID,POWER,WEIGHT,BODY,COLOR,WHEELS,LOCATION,MODEL,TRANSMISSION) values ('51','197','1350','1','3','1','1','14','2');
Insert into CAR_RENTAL.ALLCARS (ID,POWER,WEIGHT,BODY,COLOR,WHEELS,LOCATION,MODEL,TRANSMISSION) values ('52','140','1200','2','1','1','2','14','2');
Insert into CAR_RENTAL.ALLCARS (ID,POWER,WEIGHT,BODY,COLOR,WHEELS,LOCATION,MODEL,TRANSMISSION) values ('53','140','1200','2','3','1','2','14','2');
Insert into CAR_RENTAL.ALLCARS (ID,POWER,WEIGHT,BODY,COLOR,WHEELS,LOCATION,MODEL,TRANSMISSION) values ('54','135','1428','6','5','1','2','15','2');
Insert into CAR_RENTAL.ALLCARS (ID,POWER,WEIGHT,BODY,COLOR,WHEELS,LOCATION,MODEL,TRANSMISSION) values ('55','175','1345','1','3','1','1','16','1');
Insert into CAR_RENTAL.ALLCARS (ID,POWER,WEIGHT,BODY,COLOR,WHEELS,LOCATION,MODEL,TRANSMISSION) values ('56','175','1345','1','1','1','1','16','2');
Insert into CAR_RENTAL.ALLCARS (ID,POWER,WEIGHT,BODY,COLOR,WHEELS,LOCATION,MODEL,TRANSMISSION) values ('57','175','1345','1','3','1','2','16','1');
Insert into CAR_RENTAL.ALLCARS (ID,POWER,WEIGHT,BODY,COLOR,WHEELS,LOCATION,MODEL,TRANSMISSION) values ('58','225','1645','4','2','1','1','17','1');
Insert into CAR_RENTAL.ALLCARS (ID,POWER,WEIGHT,BODY,COLOR,WHEELS,LOCATION,MODEL,TRANSMISSION) values ('59','560','1645','5','1','2','1','18','1');
Insert into CAR_RENTAL.ALLCARS (ID,POWER,WEIGHT,BODY,COLOR,WHEELS,LOCATION,MODEL,TRANSMISSION) values ('60','560','1645','5','1','2','2','18','1');
Insert into CAR_RENTAL.ALLCARS (ID,POWER,WEIGHT,BODY,COLOR,WHEELS,LOCATION,MODEL,TRANSMISSION) values ('61','184','1720','1','1','2','1','18','1');
Insert into CAR_RENTAL.ALLCARS (ID,POWER,WEIGHT,BODY,COLOR,WHEELS,LOCATION,MODEL,TRANSMISSION) values ('62','292','1810','6','1','2','2','18','1');
Insert into CAR_RENTAL.ALLCARS (ID,POWER,WEIGHT,BODY,COLOR,WHEELS,LOCATION,MODEL,TRANSMISSION) values ('63','388','1820','5','3','2','1','19','1');
Insert into CAR_RENTAL.ALLCARS (ID,POWER,WEIGHT,BODY,COLOR,WHEELS,LOCATION,MODEL,TRANSMISSION) values ('64','388','1820','5','2','2','2','19','1');
Insert into CAR_RENTAL.ALLCARS (ID,POWER,WEIGHT,BODY,COLOR,WHEELS,LOCATION,MODEL,TRANSMISSION) values ('65','95','1100','2','5','1','1','20','2');
Insert into CAR_RENTAL.ALLCARS (ID,POWER,WEIGHT,BODY,COLOR,WHEELS,LOCATION,MODEL,TRANSMISSION) values ('66','95','1100','2','1','1','2','20','2');
Insert into CAR_RENTAL.ALLCARS (ID,POWER,WEIGHT,BODY,COLOR,WHEELS,LOCATION,MODEL,TRANSMISSION) values ('67','95','1100','2','5','1','2','20','2');
Insert into CAR_RENTAL.ALLCARS (ID,POWER,WEIGHT,BODY,COLOR,WHEELS,LOCATION,MODEL,TRANSMISSION) values ('68','205','1410','2','6','1','2','21','2');
Insert into CAR_RENTAL.ALLCARS (ID,POWER,WEIGHT,BODY,COLOR,WHEELS,LOCATION,MODEL,TRANSMISSION) values ('69','190','1456','4','7','3','1','22','1');
Insert into CAR_RENTAL.ALLCARS (ID,POWER,WEIGHT,BODY,COLOR,WHEELS,LOCATION,MODEL,TRANSMISSION) values ('70','190','1456','4','7','3','2','22','1');
Insert into CAR_RENTAL.ALLCARS (ID,POWER,WEIGHT,BODY,COLOR,WHEELS,LOCATION,MODEL,TRANSMISSION) values ('71','55','775','2','3','1','2','23','2');
Insert into CAR_RENTAL.ALLCARS (ID,POWER,WEIGHT,BODY,COLOR,WHEELS,LOCATION,MODEL,TRANSMISSION) values ('72','55','775','2','5','1','2','23','2');
Insert into CAR_RENTAL.ALLCARS (ID,POWER,WEIGHT,BODY,COLOR,WHEELS,LOCATION,MODEL,TRANSMISSION) values ('73','55','775','2','8','1','2','23','2');
Insert into CAR_RENTAL.ALLCARS (ID,POWER,WEIGHT,BODY,COLOR,WHEELS,LOCATION,MODEL,TRANSMISSION) values ('74','115','1210','2','2','1','1','24','2');
Insert into CAR_RENTAL.ALLCARS (ID,POWER,WEIGHT,BODY,COLOR,WHEELS,LOCATION,MODEL,TRANSMISSION) values ('75','140','1210','1','2','1','1','24','2');
Insert into CAR_RENTAL.ALLCARS (ID,POWER,WEIGHT,BODY,COLOR,WHEELS,LOCATION,MODEL,TRANSMISSION) values ('76','125','1210','6','2','1','1','24','2');
Insert into CAR_RENTAL.ALLCARS (ID,POWER,WEIGHT,BODY,COLOR,WHEELS,LOCATION,MODEL,TRANSMISSION) values ('77','115','1210','2','2','1','2','24','2');
Insert into CAR_RENTAL.ALLCARS (ID,POWER,WEIGHT,BODY,COLOR,WHEELS,LOCATION,MODEL,TRANSMISSION) values ('78','140','1210','1','2','1','2','24','2');
Insert into CAR_RENTAL.ALLCARS (ID,POWER,WEIGHT,BODY,COLOR,WHEELS,LOCATION,MODEL,TRANSMISSION) values ('79','125','1210','6','2','1','2','24','2');
Insert into CAR_RENTAL.ALLCARS (ID,POWER,WEIGHT,BODY,COLOR,WHEELS,LOCATION,MODEL,TRANSMISSION) values ('80','177','1445','6','1','2','1','25','2');
Insert into CAR_RENTAL.ALLCARS (ID,POWER,WEIGHT,BODY,COLOR,WHEELS,LOCATION,MODEL,TRANSMISSION) values ('81','177','1445','6','1','2','2','25','2');
Insert into CAR_RENTAL.ALLCARS (ID,POWER,WEIGHT,BODY,COLOR,WHEELS,LOCATION,MODEL,TRANSMISSION) values ('82','68','1080','2','7','1','2','26','2');
Insert into CAR_RENTAL.ALLCARS (ID,POWER,WEIGHT,BODY,COLOR,WHEELS,LOCATION,MODEL,TRANSMISSION) values ('83','68','1080','2','8','1','2','26','2');
Insert into CAR_RENTAL.ALLCARS (ID,POWER,WEIGHT,BODY,COLOR,WHEELS,LOCATION,MODEL,TRANSMISSION) values ('84','106','1150','3','4','1','1','27','2');
Insert into CAR_RENTAL.ALLCARS (ID,POWER,WEIGHT,BODY,COLOR,WHEELS,LOCATION,MODEL,TRANSMISSION) values ('85','106','1150','3','4','1','2','27','2');
Insert into CAR_RENTAL.ALLCARS (ID,POWER,WEIGHT,BODY,COLOR,WHEELS,LOCATION,MODEL,TRANSMISSION) values ('86','115','1140','2','2','1','1','28','2');
Insert into CAR_RENTAL.ALLCARS (ID,POWER,WEIGHT,BODY,COLOR,WHEELS,LOCATION,MODEL,TRANSMISSION) values ('87','115','1140','2','1','1','1','28','2');
Insert into CAR_RENTAL.ALLCARS (ID,POWER,WEIGHT,BODY,COLOR,WHEELS,LOCATION,MODEL,TRANSMISSION) values ('88','143','1200','1','1','1','2','28','2');
Insert into CAR_RENTAL.ALLCARS (ID,POWER,WEIGHT,BODY,COLOR,WHEELS,LOCATION,MODEL,TRANSMISSION) values ('89','143','1200','1','2','1','2','28','2');
Insert into CAR_RENTAL.ALLCARS (ID,POWER,WEIGHT,BODY,COLOR,WHEELS,LOCATION,MODEL,TRANSMISSION) values ('90','150','1230','1','1','1','1','29','2');
Insert into CAR_RENTAL.ALLCARS (ID,POWER,WEIGHT,BODY,COLOR,WHEELS,LOCATION,MODEL,TRANSMISSION) values ('91','150','1230','1','2','1','2','29','2');
Insert into CAR_RENTAL.ALLCARS (ID,POWER,WEIGHT,BODY,COLOR,WHEELS,LOCATION,MODEL,TRANSMISSION) values ('92','65','850','2','7','1','1','30','2');
Insert into CAR_RENTAL.ALLCARS (ID,POWER,WEIGHT,BODY,COLOR,WHEELS,LOCATION,MODEL,TRANSMISSION) values ('93','65','850','2','7','1','2','30','2');
Insert into CAR_RENTAL.ALLCARS (ID,POWER,WEIGHT,BODY,COLOR,WHEELS,LOCATION,MODEL,TRANSMISSION) values ('94','181','1570','4','1','3','1','31','2');
Insert into CAR_RENTAL.ALLCARS (ID,POWER,WEIGHT,BODY,COLOR,WHEELS,LOCATION,MODEL,TRANSMISSION) values ('95','181','1570','4','2','3','2','31','2');
Insert into CAR_RENTAL.ALLCARS (ID,POWER,WEIGHT,BODY,COLOR,WHEELS,LOCATION,MODEL,TRANSMISSION) values ('96','55','850','2','3','1','2','32','2');
Insert into CAR_RENTAL.ALLCARS (ID,POWER,WEIGHT,BODY,COLOR,WHEELS,LOCATION,MODEL,TRANSMISSION) values ('97','105','1150','6','5','1','1','33','2');
Insert into CAR_RENTAL.ALLCARS (ID,POWER,WEIGHT,BODY,COLOR,WHEELS,LOCATION,MODEL,TRANSMISSION) values ('98','105','1150','6','5','1','2','33','2');
Insert into CAR_RENTAL.ALLCARS (ID,POWER,WEIGHT,BODY,COLOR,WHEELS,LOCATION,MODEL,TRANSMISSION) values ('99','150','1350','2','2','1','1','34','2');
Insert into CAR_RENTAL.ALLCARS (ID,POWER,WEIGHT,BODY,COLOR,WHEELS,LOCATION,MODEL,TRANSMISSION) values ('100','150','1350','2','1','1','2','34','2');
Insert into CAR_RENTAL.ALLCARS (ID,POWER,WEIGHT,BODY,COLOR,WHEELS,LOCATION,MODEL,TRANSMISSION) values ('101','180','1415','6','2','1','1','35','2');
--------------------------------------------------------
--  DDL for Index SYS_C0011138
--------------------------------------------------------

  CREATE UNIQUE INDEX "CAR_RENTAL"."SYS_C0011138" ON "CAR_RENTAL"."BODIES" ("ID") 
  PCTFREE 10 INITRANS 2 MAXTRANS 255 COMPUTE STATISTICS 
  STORAGE(INITIAL 65536 NEXT 1048576 MINEXTENTS 1 MAXEXTENTS 2147483645
  PCTINCREASE 0 FREELISTS 1 FREELIST GROUPS 1
  BUFFER_POOL DEFAULT FLASH_CACHE DEFAULT CELL_FLASH_CACHE DEFAULT)
  TABLESPACE "USERS" ;
--------------------------------------------------------
--  DDL for Index SYS_C0011145
--------------------------------------------------------

  CREATE UNIQUE INDEX "CAR_RENTAL"."SYS_C0011145" ON "CAR_RENTAL"."BOOKING" ("ID") 
  PCTFREE 10 INITRANS 2 MAXTRANS 255 COMPUTE STATISTICS 
  STORAGE(INITIAL 65536 NEXT 1048576 MINEXTENTS 1 MAXEXTENTS 2147483645
  PCTINCREASE 0 FREELISTS 1 FREELIST GROUPS 1
  BUFFER_POOL DEFAULT FLASH_CACHE DEFAULT CELL_FLASH_CACHE DEFAULT)
  TABLESPACE "USERS" ;
--------------------------------------------------------
--  DDL for Index SYS_C0011155
--------------------------------------------------------

  CREATE UNIQUE INDEX "CAR_RENTAL"."SYS_C0011155" ON "CAR_RENTAL"."CARS" ("ID") 
  PCTFREE 10 INITRANS 2 MAXTRANS 255 COMPUTE STATISTICS 
  STORAGE(INITIAL 65536 NEXT 1048576 MINEXTENTS 1 MAXEXTENTS 2147483645
  PCTINCREASE 0 FREELISTS 1 FREELIST GROUPS 1
  BUFFER_POOL DEFAULT FLASH_CACHE DEFAULT CELL_FLASH_CACHE DEFAULT)
  TABLESPACE "USERS" ;
--------------------------------------------------------
--  DDL for Index SYS_C0011158
--------------------------------------------------------

  CREATE UNIQUE INDEX "CAR_RENTAL"."SYS_C0011158" ON "CAR_RENTAL"."COLORS" ("ID") 
  PCTFREE 10 INITRANS 2 MAXTRANS 255 COMPUTE STATISTICS 
  STORAGE(INITIAL 65536 NEXT 1048576 MINEXTENTS 1 MAXEXTENTS 2147483645
  PCTINCREASE 0 FREELISTS 1 FREELIST GROUPS 1
  BUFFER_POOL DEFAULT FLASH_CACHE DEFAULT CELL_FLASH_CACHE DEFAULT)
  TABLESPACE "USERS" ;
--------------------------------------------------------
--  DDL for Index SYS_C0011161
--------------------------------------------------------

  CREATE UNIQUE INDEX "CAR_RENTAL"."SYS_C0011161" ON "CAR_RENTAL"."LOCATIONS" ("ID") 
  PCTFREE 10 INITRANS 2 MAXTRANS 255 COMPUTE STATISTICS 
  STORAGE(INITIAL 65536 NEXT 1048576 MINEXTENTS 1 MAXEXTENTS 2147483645
  PCTINCREASE 0 FREELISTS 1 FREELIST GROUPS 1
  BUFFER_POOL DEFAULT FLASH_CACHE DEFAULT CELL_FLASH_CACHE DEFAULT)
  TABLESPACE "USERS" ;
--------------------------------------------------------
--  DDL for Index SYS_C0011164
--------------------------------------------------------

  CREATE UNIQUE INDEX "CAR_RENTAL"."SYS_C0011164" ON "CAR_RENTAL"."MANUFACTURERS" ("ID") 
  PCTFREE 10 INITRANS 2 MAXTRANS 255 COMPUTE STATISTICS 
  STORAGE(INITIAL 65536 NEXT 1048576 MINEXTENTS 1 MAXEXTENTS 2147483645
  PCTINCREASE 0 FREELISTS 1 FREELIST GROUPS 1
  BUFFER_POOL DEFAULT FLASH_CACHE DEFAULT CELL_FLASH_CACHE DEFAULT)
  TABLESPACE "USERS" ;
--------------------------------------------------------
--  DDL for Index SYS_C0011169
--------------------------------------------------------

  CREATE UNIQUE INDEX "CAR_RENTAL"."SYS_C0011169" ON "CAR_RENTAL"."MODELS" ("ID") 
  PCTFREE 10 INITRANS 2 MAXTRANS 255 COMPUTE STATISTICS 
  STORAGE(INITIAL 65536 NEXT 1048576 MINEXTENTS 1 MAXEXTENTS 2147483645
  PCTINCREASE 0 FREELISTS 1 FREELIST GROUPS 1
  BUFFER_POOL DEFAULT FLASH_CACHE DEFAULT CELL_FLASH_CACHE DEFAULT)
  TABLESPACE "USERS" ;
--------------------------------------------------------
--  DDL for Index SYS_C0011172
--------------------------------------------------------

  CREATE UNIQUE INDEX "CAR_RENTAL"."SYS_C0011172" ON "CAR_RENTAL"."RENTERS" ("ID") 
  PCTFREE 10 INITRANS 2 MAXTRANS 255 COMPUTE STATISTICS 
  STORAGE(INITIAL 65536 NEXT 1048576 MINEXTENTS 1 MAXEXTENTS 2147483645
  PCTINCREASE 0 FREELISTS 1 FREELIST GROUPS 1
  BUFFER_POOL DEFAULT FLASH_CACHE DEFAULT CELL_FLASH_CACHE DEFAULT)
  TABLESPACE "USERS" ;
--------------------------------------------------------
--  DDL for Index SYS_C0011175
--------------------------------------------------------

  CREATE UNIQUE INDEX "CAR_RENTAL"."SYS_C0011175" ON "CAR_RENTAL"."TRANSMISSIONS" ("ID") 
  PCTFREE 10 INITRANS 2 MAXTRANS 255 COMPUTE STATISTICS 
  STORAGE(INITIAL 65536 NEXT 1048576 MINEXTENTS 1 MAXEXTENTS 2147483645
  PCTINCREASE 0 FREELISTS 1 FREELIST GROUPS 1
  BUFFER_POOL DEFAULT FLASH_CACHE DEFAULT CELL_FLASH_CACHE DEFAULT)
  TABLESPACE "USERS" ;
--------------------------------------------------------
--  DDL for Index SYS_C0011178
--------------------------------------------------------

  CREATE UNIQUE INDEX "CAR_RENTAL"."SYS_C0011178" ON "CAR_RENTAL"."WHEELS" ("ID") 
  PCTFREE 10 INITRANS 2 MAXTRANS 255 COMPUTE STATISTICS 
  STORAGE(INITIAL 65536 NEXT 1048576 MINEXTENTS 1 MAXEXTENTS 2147483645
  PCTINCREASE 0 FREELISTS 1 FREELIST GROUPS 1
  BUFFER_POOL DEFAULT FLASH_CACHE DEFAULT CELL_FLASH_CACHE DEFAULT)
  TABLESPACE "USERS" ;
--------------------------------------------------------
--  Constraints for Table BODIES
--------------------------------------------------------

  ALTER TABLE "CAR_RENTAL"."BODIES" MODIFY ("ID" NOT NULL ENABLE);
  ALTER TABLE "CAR_RENTAL"."BODIES" MODIFY ("TYPE" NOT NULL ENABLE);
  ALTER TABLE "CAR_RENTAL"."BODIES" ADD PRIMARY KEY ("ID")
  USING INDEX PCTFREE 10 INITRANS 2 MAXTRANS 255 COMPUTE STATISTICS 
  STORAGE(INITIAL 65536 NEXT 1048576 MINEXTENTS 1 MAXEXTENTS 2147483645
  PCTINCREASE 0 FREELISTS 1 FREELIST GROUPS 1
  BUFFER_POOL DEFAULT FLASH_CACHE DEFAULT CELL_FLASH_CACHE DEFAULT)
  TABLESPACE "USERS"  ENABLE;
--------------------------------------------------------
--  Constraints for Table BOOKING
--------------------------------------------------------

  ALTER TABLE "CAR_RENTAL"."BOOKING" MODIFY ("ID" NOT NULL ENABLE);
  ALTER TABLE "CAR_RENTAL"."BOOKING" MODIFY ("PRICE" NOT NULL ENABLE);
  ALTER TABLE "CAR_RENTAL"."BOOKING" MODIFY ("SINCE" NOT NULL ENABLE);
  ALTER TABLE "CAR_RENTAL"."BOOKING" MODIFY ("UNTIL" NOT NULL ENABLE);
  ALTER TABLE "CAR_RENTAL"."BOOKING" MODIFY ("CAR" NOT NULL ENABLE);
  ALTER TABLE "CAR_RENTAL"."BOOKING" MODIFY ("RENTER" NOT NULL ENABLE);
  ALTER TABLE "CAR_RENTAL"."BOOKING" ADD PRIMARY KEY ("ID")
  USING INDEX PCTFREE 10 INITRANS 2 MAXTRANS 255 COMPUTE STATISTICS 
  STORAGE(INITIAL 65536 NEXT 1048576 MINEXTENTS 1 MAXEXTENTS 2147483645
  PCTINCREASE 0 FREELISTS 1 FREELIST GROUPS 1
  BUFFER_POOL DEFAULT FLASH_CACHE DEFAULT CELL_FLASH_CACHE DEFAULT)
  TABLESPACE "USERS"  ENABLE;
--------------------------------------------------------
--  Constraints for Table CARS
--------------------------------------------------------

  ALTER TABLE "CAR_RENTAL"."CARS" MODIFY ("ID" NOT NULL ENABLE);
  ALTER TABLE "CAR_RENTAL"."CARS" MODIFY ("POWER" NOT NULL ENABLE);
  ALTER TABLE "CAR_RENTAL"."CARS" MODIFY ("WEIGHT" NOT NULL ENABLE);
  ALTER TABLE "CAR_RENTAL"."CARS" MODIFY ("BODY" NOT NULL ENABLE);
  ALTER TABLE "CAR_RENTAL"."CARS" MODIFY ("COLOR" NOT NULL ENABLE);
  ALTER TABLE "CAR_RENTAL"."CARS" MODIFY ("WHEELS" NOT NULL ENABLE);
  ALTER TABLE "CAR_RENTAL"."CARS" MODIFY ("LOCATION" NOT NULL ENABLE);
  ALTER TABLE "CAR_RENTAL"."CARS" MODIFY ("MODEL" NOT NULL ENABLE);
  ALTER TABLE "CAR_RENTAL"."CARS" MODIFY ("TRANSMISSION" NOT NULL ENABLE);
  ALTER TABLE "CAR_RENTAL"."CARS" ADD PRIMARY KEY ("ID")
  USING INDEX PCTFREE 10 INITRANS 2 MAXTRANS 255 COMPUTE STATISTICS 
  STORAGE(INITIAL 65536 NEXT 1048576 MINEXTENTS 1 MAXEXTENTS 2147483645
  PCTINCREASE 0 FREELISTS 1 FREELIST GROUPS 1
  BUFFER_POOL DEFAULT FLASH_CACHE DEFAULT CELL_FLASH_CACHE DEFAULT)
  TABLESPACE "USERS"  ENABLE;
--------------------------------------------------------
--  Constraints for Table COLORS
--------------------------------------------------------

  ALTER TABLE "CAR_RENTAL"."COLORS" MODIFY ("ID" NOT NULL ENABLE);
  ALTER TABLE "CAR_RENTAL"."COLORS" MODIFY ("TYPE" NOT NULL ENABLE);
  ALTER TABLE "CAR_RENTAL"."COLORS" ADD PRIMARY KEY ("ID")
  USING INDEX PCTFREE 10 INITRANS 2 MAXTRANS 255 COMPUTE STATISTICS 
  STORAGE(INITIAL 65536 NEXT 1048576 MINEXTENTS 1 MAXEXTENTS 2147483645
  PCTINCREASE 0 FREELISTS 1 FREELIST GROUPS 1
  BUFFER_POOL DEFAULT FLASH_CACHE DEFAULT CELL_FLASH_CACHE DEFAULT)
  TABLESPACE "USERS"  ENABLE;
--------------------------------------------------------
--  Constraints for Table LOCATIONS
--------------------------------------------------------

  ALTER TABLE "CAR_RENTAL"."LOCATIONS" MODIFY ("ID" NOT NULL ENABLE);
  ALTER TABLE "CAR_RENTAL"."LOCATIONS" MODIFY ("CITY" NOT NULL ENABLE);
  ALTER TABLE "CAR_RENTAL"."LOCATIONS" ADD PRIMARY KEY ("ID")
  USING INDEX PCTFREE 10 INITRANS 2 MAXTRANS 255 COMPUTE STATISTICS 
  STORAGE(INITIAL 65536 NEXT 1048576 MINEXTENTS 1 MAXEXTENTS 2147483645
  PCTINCREASE 0 FREELISTS 1 FREELIST GROUPS 1
  BUFFER_POOL DEFAULT FLASH_CACHE DEFAULT CELL_FLASH_CACHE DEFAULT)
  TABLESPACE "USERS"  ENABLE;
--------------------------------------------------------
--  Constraints for Table MANUFACTURERS
--------------------------------------------------------

  ALTER TABLE "CAR_RENTAL"."MANUFACTURERS" MODIFY ("ID" NOT NULL ENABLE);
  ALTER TABLE "CAR_RENTAL"."MANUFACTURERS" MODIFY ("NAME" NOT NULL ENABLE);
  ALTER TABLE "CAR_RENTAL"."MANUFACTURERS" ADD PRIMARY KEY ("ID")
  USING INDEX PCTFREE 10 INITRANS 2 MAXTRANS 255 COMPUTE STATISTICS 
  STORAGE(INITIAL 65536 NEXT 1048576 MINEXTENTS 1 MAXEXTENTS 2147483645
  PCTINCREASE 0 FREELISTS 1 FREELIST GROUPS 1
  BUFFER_POOL DEFAULT FLASH_CACHE DEFAULT CELL_FLASH_CACHE DEFAULT)
  TABLESPACE "USERS"  ENABLE;
--------------------------------------------------------
--  Constraints for Table MODELS
--------------------------------------------------------

  ALTER TABLE "CAR_RENTAL"."MODELS" MODIFY ("ID" NOT NULL ENABLE);
  ALTER TABLE "CAR_RENTAL"."MODELS" MODIFY ("NAME" NOT NULL ENABLE);
  ALTER TABLE "CAR_RENTAL"."MODELS" MODIFY ("YEAR" NOT NULL ENABLE);
  ALTER TABLE "CAR_RENTAL"."MODELS" MODIFY ("MANUFACTURER" NOT NULL ENABLE);
  ALTER TABLE "CAR_RENTAL"."MODELS" ADD PRIMARY KEY ("ID")
  USING INDEX PCTFREE 10 INITRANS 2 MAXTRANS 255 COMPUTE STATISTICS 
  STORAGE(INITIAL 65536 NEXT 1048576 MINEXTENTS 1 MAXEXTENTS 2147483645
  PCTINCREASE 0 FREELISTS 1 FREELIST GROUPS 1
  BUFFER_POOL DEFAULT FLASH_CACHE DEFAULT CELL_FLASH_CACHE DEFAULT)
  TABLESPACE "USERS"  ENABLE;
--------------------------------------------------------
--  Constraints for Table RENTERS
--------------------------------------------------------

  ALTER TABLE "CAR_RENTAL"."RENTERS" MODIFY ("ID" NOT NULL ENABLE);
  ALTER TABLE "CAR_RENTAL"."RENTERS" MODIFY ("EMAIL" NOT NULL ENABLE);
  ALTER TABLE "CAR_RENTAL"."RENTERS" ADD PRIMARY KEY ("ID")
  USING INDEX PCTFREE 10 INITRANS 2 MAXTRANS 255 COMPUTE STATISTICS 
  STORAGE(INITIAL 65536 NEXT 1048576 MINEXTENTS 1 MAXEXTENTS 2147483645
  PCTINCREASE 0 FREELISTS 1 FREELIST GROUPS 1
  BUFFER_POOL DEFAULT FLASH_CACHE DEFAULT CELL_FLASH_CACHE DEFAULT)
  TABLESPACE "USERS"  ENABLE;
--------------------------------------------------------
--  Constraints for Table TRANSMISSIONS
--------------------------------------------------------

  ALTER TABLE "CAR_RENTAL"."TRANSMISSIONS" MODIFY ("ID" NOT NULL ENABLE);
  ALTER TABLE "CAR_RENTAL"."TRANSMISSIONS" MODIFY ("TYPE" NOT NULL ENABLE);
  ALTER TABLE "CAR_RENTAL"."TRANSMISSIONS" ADD PRIMARY KEY ("ID")
  USING INDEX PCTFREE 10 INITRANS 2 MAXTRANS 255 COMPUTE STATISTICS 
  STORAGE(INITIAL 65536 NEXT 1048576 MINEXTENTS 1 MAXEXTENTS 2147483645
  PCTINCREASE 0 FREELISTS 1 FREELIST GROUPS 1
  BUFFER_POOL DEFAULT FLASH_CACHE DEFAULT CELL_FLASH_CACHE DEFAULT)
  TABLESPACE "USERS"  ENABLE;
--------------------------------------------------------
--  Constraints for Table WHEELS
--------------------------------------------------------

  ALTER TABLE "CAR_RENTAL"."WHEELS" MODIFY ("TYPE" NOT NULL ENABLE);
  ALTER TABLE "CAR_RENTAL"."WHEELS" ADD PRIMARY KEY ("ID")
  USING INDEX PCTFREE 10 INITRANS 2 MAXTRANS 255 COMPUTE STATISTICS 
  STORAGE(INITIAL 65536 NEXT 1048576 MINEXTENTS 1 MAXEXTENTS 2147483645
  PCTINCREASE 0 FREELISTS 1 FREELIST GROUPS 1
  BUFFER_POOL DEFAULT FLASH_CACHE DEFAULT CELL_FLASH_CACHE DEFAULT)
  TABLESPACE "USERS"  ENABLE;
  ALTER TABLE "CAR_RENTAL"."WHEELS" MODIFY ("ID" NOT NULL ENABLE);
--------------------------------------------------------
--  Ref Constraints for Table BOOKING
--------------------------------------------------------

  ALTER TABLE "CAR_RENTAL"."BOOKING" ADD CONSTRAINT "FK_2JPUN0VG1DBSCIPCS8SCNATL0" FOREIGN KEY ("RENTER")
	  REFERENCES "CAR_RENTAL"."RENTERS" ("ID") ENABLE;
--------------------------------------------------------
--  Ref Constraints for Table CARS
--------------------------------------------------------

  ALTER TABLE "CAR_RENTAL"."CARS" ADD CONSTRAINT "FK_474XRTQNPA6LWC38EBNHG7WWU" FOREIGN KEY ("MODEL")
	  REFERENCES "CAR_RENTAL"."MODELS" ("ID") ENABLE;
  ALTER TABLE "CAR_RENTAL"."CARS" ADD CONSTRAINT "FK_66WQ4UGQR21S57AIF1TI2HNML" FOREIGN KEY ("LOCATION")
	  REFERENCES "CAR_RENTAL"."LOCATIONS" ("ID") ENABLE;
  ALTER TABLE "CAR_RENTAL"."CARS" ADD CONSTRAINT "FK_77HIFYNYNO646H41P08W8A4IN" FOREIGN KEY ("COLOR")
	  REFERENCES "CAR_RENTAL"."COLORS" ("ID") ENABLE;
  ALTER TABLE "CAR_RENTAL"."CARS" ADD CONSTRAINT "FK_BB01NMCB5WF760BO614WVP6N9" FOREIGN KEY ("WHEELS")
	  REFERENCES "CAR_RENTAL"."WHEELS" ("ID") ENABLE;
  ALTER TABLE "CAR_RENTAL"."CARS" ADD CONSTRAINT "FK_LCJJP26OJS4CSWP3D1XO9C9L4" FOREIGN KEY ("BODY")
	  REFERENCES "CAR_RENTAL"."BODIES" ("ID") ENABLE;
  ALTER TABLE "CAR_RENTAL"."CARS" ADD CONSTRAINT "FK_Q05YGOVJXEEXT1CWX8V6D40AQ" FOREIGN KEY ("TRANSMISSION")
	  REFERENCES "CAR_RENTAL"."TRANSMISSIONS" ("ID") ENABLE;
--------------------------------------------------------
--  Ref Constraints for Table MODELS
--------------------------------------------------------

  ALTER TABLE "CAR_RENTAL"."MODELS" ADD CONSTRAINT "FK_OGJ08QNH3STXKAYGJ5XV64SFK" FOREIGN KEY ("MANUFACTURER")
	  REFERENCES "CAR_RENTAL"."MANUFACTURERS" ("ID") ENABLE;
--------------------------------------------------------
--  DDL for Trigger BODIES_TRG
--------------------------------------------------------

  CREATE OR REPLACE EDITIONABLE TRIGGER "CAR_RENTAL"."BODIES_TRG" 		BEFORE INSERT ON BODIES 		FOR EACH ROW BEGIN IF (INSERTING AND :NEW.ID IS NULL) THEN SELECT BODIES_SEQ.NEXTVAL 		INTO :NEW.ID FROM SYS.DUAL; END IF; END;
/
ALTER TRIGGER "CAR_RENTAL"."BODIES_TRG" ENABLE;
--------------------------------------------------------
--  DDL for Trigger BOOKING_SORT_TRG
--------------------------------------------------------

  CREATE OR REPLACE EDITIONABLE TRIGGER "CAR_RENTAL"."BOOKING_SORT_TRG" AFTER INSERT ON BOOKING FOR EACH ROW DECLARE v_found number(19,2); BEGIN SELECT COUNT(*) INTO v_found FROM CARS_WAWA WHERE ID = :NEW.CAR; IF(v_found > 0) THEN INSERT INTO BOOKING_WAWA ("ID", PRICE, SINCE, "UNTIL", CAR, RENTER) VALUES (:NEW."ID", :NEW.PRICE, :NEW.SINCE, :NEW."UNTIL", :NEW.CAR, :NEW.RENTER); END IF; END;

--create or replace TRIGGER BOOKING_SORT_TRG AFTER INSERT ON BOOKING FOR EACH ROW DECLARE v_location varchar2(40);  BEGIN SELECT LOCATION INTO v_loc_id FROM ALLCARS c WHERE c.ID = :NEW.CAR; SELECT CITY INTO v_location FROM LOCATIONS l WHERE l.ID = v_loc_id; IF (v_location = 'Warszawa') THEN INSERT INTO BOOKING_WAWA ("ID", PRICE, SINCE, "UNTIL", CAR, RENTER) VALUES (:NEW."ID", :NEW.PRICE, :NEW.SINCE, :NEW."UNTIL", :NEW.CAR, :NEW.RENTER); END IF; END;
/
ALTER TRIGGER "CAR_RENTAL"."BOOKING_SORT_TRG" ENABLE;
--------------------------------------------------------
--  DDL for Trigger BOOKING_TRG
--------------------------------------------------------

  CREATE OR REPLACE EDITIONABLE TRIGGER "CAR_RENTAL"."BOOKING_TRG" 		BEFORE INSERT ON BOOKING 		FOR EACH ROW BEGIN IF (INSERTING AND :NEW.ID IS NULL) THEN SELECT BOOKING_SEQ.NEXTVAL 		INTO :NEW.ID FROM SYS.DUAL; END IF; END;
/
ALTER TRIGGER "CAR_RENTAL"."BOOKING_TRG" ENABLE;
--------------------------------------------------------
--  DDL for Trigger CARS_SORT_TRG
--------------------------------------------------------

  CREATE OR REPLACE EDITIONABLE TRIGGER "CAR_RENTAL"."CARS_SORT_TRG" AFTER INSERT ON CARS FOR EACH ROW DECLARE v_location varchar2(40); BEGIN SELECT CITY INTO v_location FROM LOCATIONS l WHERE l."ID" = :NEW."LOCATION"; IF (v_location = 'Warszawa') THEN INSERT INTO CARS_WAWA ("ID", "POWER", WEIGHT, "BODY", COLOR, WHEELS, "LOCATION", "MODEL", TRANSMISSION) VALUES (:NEW."ID", :NEW."POWER", :NEW.WEIGHT, :NEW."BODY", :NEW.COLOR, :NEW.WHEELS, :NEW."LOCATION", :NEW."MODEL", :NEW.TRANSMISSION); END IF; END;
/
ALTER TRIGGER "CAR_RENTAL"."CARS_SORT_TRG" ENABLE;
--------------------------------------------------------
--  DDL for Trigger CARS_TRG
--------------------------------------------------------

  CREATE OR REPLACE EDITIONABLE TRIGGER "CAR_RENTAL"."CARS_TRG" 			BEFORE INSERT ON CARS 			FOR EACH ROW BEGIN IF (INSERTING AND :NEW.ID IS NULL) THEN SELECT CARS_SEQ.NEXTVAL 			INTO :NEW.ID FROM SYS.DUAL; END IF; END;
/
ALTER TRIGGER "CAR_RENTAL"."CARS_TRG" ENABLE;
--------------------------------------------------------
--  DDL for Trigger COLORS_TRG
--------------------------------------------------------

  CREATE OR REPLACE EDITIONABLE TRIGGER "CAR_RENTAL"."COLORS_TRG" 		BEFORE INSERT ON COLORS 		FOR EACH ROW BEGIN IF (INSERTING AND :NEW.ID IS NULL) THEN SELECT COLORS_SEQ.NEXTVAL 		INTO :NEW.ID FROM SYS.DUAL; END IF; END;
/
ALTER TRIGGER "CAR_RENTAL"."COLORS_TRG" ENABLE;
--------------------------------------------------------
--  DDL for Trigger LOCATIONS_TRG
--------------------------------------------------------

  CREATE OR REPLACE EDITIONABLE TRIGGER "CAR_RENTAL"."LOCATIONS_TRG" 	BEFORE INSERT ON LOCATIONS		FOR EACH ROW BEGIN IF (INSERTING AND :NEW.ID IS NULL) THEN SELECT LOCATIONS_SEQ.NEXTVAL 	INTO :NEW.ID FROM SYS.DUAL; END IF; END;
/
ALTER TRIGGER "CAR_RENTAL"."LOCATIONS_TRG" ENABLE;
--------------------------------------------------------
--  DDL for Trigger MANUFACTURERS_TRG
--------------------------------------------------------

  CREATE OR REPLACE EDITIONABLE TRIGGER "CAR_RENTAL"."MANUFACTURERS_TRG" BEFORE INSERT ON MANUFACTURERS	FOR EACH ROW BEGIN IF (INSERTING AND :NEW.ID IS NULL) THEN SELECT MANUFACTURERS_SEQ.NEXTVAL INTO :NEW.ID FROM SYS.DUAL; END IF; END;
/
ALTER TRIGGER "CAR_RENTAL"."MANUFACTURERS_TRG" ENABLE;
--------------------------------------------------------
--  DDL for Trigger MODELS_TRG
--------------------------------------------------------

  CREATE OR REPLACE EDITIONABLE TRIGGER "CAR_RENTAL"."MODELS_TRG" 		BEFORE INSERT ON MODELS 		FOR EACH ROW BEGIN IF (INSERTING AND :NEW.ID IS NULL) THEN SELECT MODELS_SEQ.NEXTVAL 		INTO :NEW.ID FROM SYS.DUAL; END IF; END;
/
ALTER TRIGGER "CAR_RENTAL"."MODELS_TRG" ENABLE;
--------------------------------------------------------
--  DDL for Trigger RENTERS_TRG
--------------------------------------------------------

  CREATE OR REPLACE EDITIONABLE TRIGGER "CAR_RENTAL"."RENTERS_TRG" 		BEFORE INSERT ON RENTERS 		FOR EACH ROW BEGIN IF (INSERTING AND :NEW.ID IS NULL) THEN SELECT RENTERS_SEQ.NEXTVAL 		INTO :NEW.ID FROM SYS.DUAL; END IF; END;
/
ALTER TRIGGER "CAR_RENTAL"."RENTERS_TRG" ENABLE;
--------------------------------------------------------
--  DDL for Trigger TRANSMISSIONS_TRG
--------------------------------------------------------

  CREATE OR REPLACE EDITIONABLE TRIGGER "CAR_RENTAL"."TRANSMISSIONS_TRG" BEFORE INSERT ON TRANSMISSIONS	FOR EACH ROW BEGIN IF (INSERTING AND :NEW.ID IS NULL) THEN SELECT TRANSMISSIONS_SEQ.NEXTVAL INTO :NEW.ID FROM SYS.DUAL; END IF; END;
/
ALTER TRIGGER "CAR_RENTAL"."TRANSMISSIONS_TRG" ENABLE;
--------------------------------------------------------
--  DDL for Trigger WHEELS_TRG
--------------------------------------------------------

  CREATE OR REPLACE EDITIONABLE TRIGGER "CAR_RENTAL"."WHEELS_TRG" 		BEFORE INSERT ON WHEELS 		FOR EACH ROW BEGIN IF (INSERTING AND :NEW.ID IS NULL) THEN SELECT WHEELS_SEQ.NEXTVAL 		INTO :NEW.ID FROM SYS.DUAL; END IF; END;
/
ALTER TRIGGER "CAR_RENTAL"."WHEELS_TRG" ENABLE;
--------------------------------------------------------
--  DDL for Synonymn BOOKING_WAWA
--------------------------------------------------------

  CREATE OR REPLACE EDITIONABLE SYNONYM "CAR_RENTAL"."BOOKING_WAWA" FOR "CAR_RENTAL"."BOOKING"@"PLUG_CARS_DB_WAWA";
--------------------------------------------------------
--  DDL for Synonymn CARS_WAWA
--------------------------------------------------------

  CREATE OR REPLACE EDITIONABLE SYNONYM "CAR_RENTAL"."CARS_WAWA" FOR "CAR_RENTAL"."CARS"@"PLUG_CARS_DB_WAWA";
--------------------------------------------------------
--  DDL for Synonymn RENTERS_WAWA
--------------------------------------------------------

  CREATE OR REPLACE EDITIONABLE SYNONYM "CAR_RENTAL"."RENTERS_WAWA" FOR "CAR_RENTAL"."RENTERS"@"PLUG_CARS_DB_WAWA";
